Title,Price,Rating,RatingNum
contra rogue corps  playstation 4,53.99,,
tower of guns  special edition  playstation 4,29.99,,
"PlayStation 4 Console  Call of Duty Modern Warfare II Bundle, Cefesfy Accessory",389.95,,
capcom marvel vs infinite ps4,35.34,,
"Sony PlayStation 4 Slim The Last of Us Part II Bundle Upgrade 1TB SSD PS4 Gaming Console, Jet Black, with Mytrix High Speed HDMI - Internal Fast Solid State Drive Enhanced PS4 Console",469.99,,
Playstation Marvel's Spider-Man Starter Bundle: Playstation 4 Slim 1TB Console - Black and Marvel's Spider-Man Game,434.9,,
"Sony PlayStation 4 Slim God of War PlayStation Hits Bundle 1TB PS4 Gaming Console, Jet Black, with Mytrix High Speed HDMI",439.99,,
P-S-4 Controller Wireless Compatible with Play-station 4 Controller for P-S-4/Slim/Pro with Dual Vibration/6-Axis Motion Sensor/Audio Cool Wireless Controller,22.99,,
"Sony PlayStation 4 Slim God of War PlayStation Hits Bundle 1TB PS4 Gaming Console, Jet Black, with Mytrix Chat Headset",439.99,,
PlayStation 4 Pro 1TB Limited Edition Console - Death Stranding Bundle,999.99,,
"Sony PlayStation 4 Slim God of War PlayStation Hits Bundle Upgrade 2TB HDD PS4 Gaming Console, Jet Black, with Mytrix Chat Headset - Large Capacity Internal Hard Drive Enhanced PS4 Console",469.99,,
"Mytrix Playstation 4 Slim 1TB SSD Console with DualShock 4 Wireless Controller Bundle, Playstation Enhanced with 1TB Solid State Drive",479.99,,
"Sony PlayStation 4 Slim The Last of Us: Remastered Bundle 1TB PS4 Gaming Console, Jet Black, with Mytrix Chat Headset",439.99,,
"Sony PlayStation 4 Slim The Last of Us Part II Bundle 1TB PS4 Gaming Console, Jet Black, with Mytrix Chat Headset",439.99,,
PlayStation 4 PS4 Pro 1TB Limited Edition Console - Death Stranding Bundle,899.99,,
"Sony PlayStation 4 Slim God of War PlayStation Hits Bundle Upgrade 1TB SSD PS4 Gaming Console, Jet Black, with Mytrix High Speed HDMI - Internal Fast Solid State Drive Enhanced PS4 Console",469.99,,
"Sony PlayStation 4 Slim God of War PlayStation Hits Bundle Upgrade 2TB SSD PS4 Gaming Console, Jet Black, with Mytrix High Speed HDMI - 2TB Internal Fast Solid State Drive Enhanced PS4 Console",529.99,,
"Mytrix Playstation 4 Slim 2TB Console with DualShock 4 Wireless Controller Bundle, Playstation Enhanced by Mytrix",509.99,,
"Sony PlayStation 4 Slim Call of Duty Vanguard Bundle Upgrade 2TB SSD PS4 Gaming Console, Jet Black, with Mytrix Chat Headset - 2TB Internal Fast Solid State Drive Enhanced PS4 Console",549.99,,
"Sony PlayStation 4 Slim 1TB PS4 Gaming Console, Jet Black, with Mytrix High Speed HDMI",419.99,,
"PlayStation 4 1TB Console with Star Wars: Squadrons - PS4 Slim 1TB Jet Black HDR Gaming Console, Wireless Controller and Game",419.99,5,1
"PlayStation 4 1TB Console with Ghost of Tsushima - PS4 Slim 1TB Jet Black HDR Gaming Console, Wireless Controller and Game",419.99,,
"Sony PlayStation 4 Slim Ratchet & Clank Bundle Upgrade 2TB HDD PS4 Gaming Console, Jet Black, with Mytrix High Speed HDMI - Large Capacity Internal Hard Drive Enhanced PS4 Console",469.99,,
"Sony PlayStation 4 Slim The Last of Us Part II Bundle Upgrade 2TB HDD PS4 Gaming Console, Jet Black, with Mytrix Chat Headset - Large Capacity Internal Hard Drive Enhanced PS4 Console",469.99,,
"Sony PlayStation 4 Slim Call of Duty Vanguard Bundle Upgrade 2TB HDD PS4 Gaming Console, Jet Black, with Mytrix Chat Headset - Large Capacity Internal Hard Drive Enhanced PS4 Console",489.99,,
"Sony PlayStation 4 Slim Storage Upgrade 1TB SSD PS4 Gaming Console, Jet Black, with Mytrix High Speed HDMI - Enhanced PS4 Internal Fast Solid State Drive",449.99,,
"Sony PlayStation 4 Slim Call of Duty Vanguard Bundle Upgrade 2TB SSD PS4 Gaming Console, Jet Black, with Mytrix High Speed HDMI - 2TB Internal Fast Solid State Drive Enhanced PS4 Console",549.99,,
"Sony PlayStation 4 Slim The Last of Us Part II Bundle 1TB PS4 Gaming Console, Jet Black, with Mytrix High Speed HDMI",439.99,,
"Sony PlayStation 4 Slim Ratchet & Clank Bundle 1TB PS4 Gaming Console, Jet Black, with Mytrix Chat Headset",439.99,,
"Sony PlayStation 4 Slim Call of Duty Modern Warfare II Bundle 1TB PS4 Gaming Console, Jet Black, with Mytrix High Speed HDMI",449.99,,
"Sony PlayStation 4 Slim Call of Duty Modern Warfare II Bundle 1TB PS4 Gaming Console, Jet Black, with Mytrix Chat Headset",449.99,,
"Sony PlayStation 4 Slim Ratchet & Clank Bundle 1TB PS4 Gaming Console, Jet Black, with Mytrix High Speed HDMI",439.99,,
"Sony PlayStation 4 Slim The Last of Us: Remastered Bundle 1TB PS4 Gaming Console, Jet Black, with Mytrix High Speed HDMI",439.99,,
"Sony PlayStation 4 Slim Call of Duty Vanguard Bundle 1TB PS4 Gaming Console, Jet Black, with Mytrix Chat Headset",459.99,,
"Sony PlayStation 4 Slim Call of Duty Modern Warfare II Bundle 500GB PS4 Gaming Console, Jet Black, with Mytrix Chat Headset",439.99,,
2021 New Play Station Digital Version Console with 2 Wireless Controllers - White,669.99,,
"Sony PlayStation 4 Slim Ratchet & Clank Bundle Upgrade 1TB SSD PS4 Gaming Console, Jet Black, with Mytrix High Speed HDMI - Internal Fast Solid State Drive Enhanced PS4 Console",469.99,,
"Sony PlayStation 4 Slim The Last of Us: Remastered Bundle Upgrade 1TB SSD PS4 Gaming Console, Jet Black, with Mytrix High Speed HDMI - Internal Fast Solid State Drive Enhanced PS4 Console",469.99,,
"Sony PlayStation 4 Slim Call of Duty Modern Warfare II Bundle Upgrade 1TB SSD PS4 Gaming Console, Jet Black, with Mytrix High Speed HDMI - Internal Fast Solid State Drive Enhanced PS4 Console",499.99,,
"Sony PlayStation 4 Slim Call of Duty Modern Warfare II Bundle Upgrade 2TB HDD PS4 Gaming Console, Jet Black, with Mytrix Chat Headset - Large Capacity Internal Hard Drive Enhanced PS4 Console",499.99,,
"Sony PlayStation 4 Slim Ratchet & Clank Bundle Upgrade 2TB SSD PS4 Gaming Console, Jet Black, with Mytrix High Speed HDMI - 2TB Internal Fast Solid State Drive Enhanced PS4 Console",529.99,,
"Sony PlayStation 4 Slim Storage Upgrade 2TB HDD PS4 Gaming Console, Jet Black, with Mytrix High Speed HDMI - Enhanced PS4 with Large Capacity Internal Hard Drive",449.99,,
"Sony PlayStation 4 Slim Call of Duty Modern Warfare II Bundle Upgrade 2TB SSD PS4 Gaming Console, Jet Black, with Mytrix Chat Headset - 2TB Internal Fast Solid State Drive Enhanced PS4 Console",559.99,,
"Sony PlayStation 4 Slim Horizon Zero Dawn Bundle 1TB PS4 Gaming Console, Jet Black, with Mytrix Chat Headset",439.99,,
"Sony PlayStation 4 Slim Call of Duty Vanguard Bundle 1TB PS4 Gaming Console, Jet Black, with Mytrix High Speed HDMI",459.99,,
"Sony PlayStation 4 Slim Horizon Zero Dawn Bundle 1TB PS4 Gaming Console, Jet Black, with Mytrix High Speed HDMI",439.99,,
"Sony PlayStation 4 Slim Call of Duty Modern Warfare II Bundle 500GB PS4 Gaming Console, Jet Black, with Mytrix High Speed HDMI",439.99,,
"Sony PlayStation 4 Slim Call of Duty Vanguard Bundle Upgrade 1TB SSD PS4 Gaming Console, Jet Black, with Mytrix High Speed HDMI - Internal Fast Solid State Drive Enhanced PS4 Console",489.99,,
"Sony PlayStation 4 Slim Horizon Zero Dawn Bundle Upgrade 1TB SSD PS4 Gaming Console, Jet Black, with Mytrix Chat Headset - Internal Fast Solid State Drive Enhanced PS4 Console",469.99,,
"Sony PlayStation 4 Slim God of War PlayStation Hits Bundle Upgrade 1TB SSD PS4 Gaming Console, Jet Black, with Mytrix Chat Headset - Internal Fast Solid State Drive Enhanced PS4 Console",469.99,,
"Sony PlayStation 4 Slim Call of Duty Modern Warfare II Bundle Upgrade 1TB SSD PS4 Gaming Console, Jet Black, with Mytrix Chat Headset - Internal Fast Solid State Drive Enhanced PS4 Console",499.99,,
"Sony PlayStation 4 Slim The Last of Us: Remastered Bundle Upgrade 2TB HDD PS4 Gaming Console, Jet Black, with Mytrix High Speed HDMI - Large Capacity Internal Hard Drive Enhanced PS4 Console",469.99,,
"Sony PlayStation 4 Slim Ratchet & Clank Bundle Upgrade 2TB HDD PS4 Gaming Console, Jet Black, with Mytrix Chat Headset - Large Capacity Internal Hard Drive Enhanced PS4 Console",469.99,,
"Sony PlayStation 4 Slim Call of Duty Vanguard Bundle Upgrade 2TB HDD PS4 Gaming Console, Jet Black, with Mytrix High Speed HDMI - Large Capacity Internal Hard Drive Enhanced PS4 Console",489.99,,
"Sony PlayStation 4 Slim Call of Duty Modern Warfare II Bundle Upgrade 2TB HDD PS4 Gaming Console, Jet Black, with Mytrix High Speed HDMI - Large Capacity Internal Hard Drive Enhanced PS4 Console",499.99,,
"Sony PlayStation 4 Slim Storage Upgrade 2TB HDD PS4 Gaming Console, Jet Black, with Mytrix Chat Headset - Enhanced PS4 with Large Capacity Internal Hard Drive",459.99,,
"Sony PlayStation 4 Slim 1TB PS4 Gaming Console, Jet Black, with Mytrix Chat Headset",429.99,,
"Sony PlayStation 4 Slim The Last of Us: Remastered Bundle Upgrade 1TB SSD PS4 Gaming Console, Jet Black, with Mytrix Chat Headset - Internal Fast Solid State Drive Enhanced PS4 Console",469.99,,
"Sony PlayStation 4 Slim Ratchet & Clank Bundle Upgrade 1TB SSD PS4 Gaming Console, Jet Black, with Mytrix Chat Headset - Internal Fast Solid State Drive Enhanced PS4 Console",469.99,,
"Sony PlayStation 4 Slim The Last of Us Part II Bundle Upgrade 1TB SSD PS4 Gaming Console, Jet Black, with Mytrix Chat Headset - Internal Fast Solid State Drive Enhanced PS4 Console",469.99,,
"Sony PlayStation 4 Slim God of War PlayStation Hits Bundle Upgrade 2TB HDD PS4 Gaming Console, Jet Black, with Mytrix High Speed HDMI - Large Capacity Internal Hard Drive Enhanced PS4 Console",469.99,,
"Sony PlayStation 4 Slim The Last of Us: Remastered Bundle Upgrade 2TB SSD PS4 Gaming Console, Jet Black, with Mytrix Chat Headset - 2TB Internal Fast Solid State Drive Enhanced PS4 Console",529.99,,
"Sony PlayStation 4 Slim The Last of Us: Remastered Bundle Upgrade 2TB SSD PS4 Gaming Console, Jet Black, with Mytrix High Speed HDMI - 2TB Internal Fast Solid State Drive Enhanced PS4 Console",529.99,,
"Sony PlayStation 4 Slim The Last of Us Part II Bundle Upgrade 2TB SSD PS4 Gaming Console, Jet Black, with Mytrix Chat Headset - 2TB Internal Fast Solid State Drive Enhanced PS4 Console",529.99,,
"Sony PlayStation 4 Slim Ratchet & Clank Bundle Upgrade 2TB SSD PS4 Gaming Console, Jet Black, with Mytrix Chat Headset - 2TB Internal Fast Solid State Drive Enhanced PS4 Console",529.99,,
"Sony PlayStation 4 Slim God of War PlayStation Hits Bundle Upgrade 2TB SSD PS4 Gaming Console, Jet Black, with Mytrix Chat Headset - 2TB Internal Fast Solid State Drive Enhanced PS4 Console",529.99,,
Mytrix PlayStation_PS5 Gaming Console Digital Version AMD Ryzen Zen 8 Cores CPU 825GB PCIe Gen 4 NVNe SSD with Black & White Wireless Controllers,674.99,,
"Sony PlayStation 4 Slim Call of Duty Modern Warfare II Bundle Upgrade 2TB SSD PS4 Gaming Console, Jet Black, with Mytrix High Speed HDMI - 2TB Internal Fast Solid State Drive Enhanced PS4 Console",559.99,,
"Sony PlayStation 4 Slim Storage Upgrade 2TB SSD PS4 Gaming Console, Jet Black, with Mytrix Chat Headset - Enhanced PS4 with Large Capacity Internal Fast Solid State Drive",509.99,,
"Sony PlayStation 4 Slim Call of Duty Vanguard Bundle Upgrade 1TB SSD PS4 Gaming Console, Jet Black, with Mytrix Chat Headset - Internal Fast Solid State Drive Enhanced PS4 Console",489.99,,
"Sony PlayStation 4 Slim The Last of Us: Remastered Bundle Upgrade 2TB HDD PS4 Gaming Console, Jet Black, with Mytrix Chat Headset - Large Capacity Internal Hard Drive Enhanced PS4 Console",469.99,,
"Sony PlayStation 4 Slim Horizon Zero Dawn Bundle Upgrade 2TB HDD PS4 Gaming Console, Jet Black, with Mytrix Chat Headset - Large Capacity Internal Hard Drive Enhanced PS4 Console",469.99,,
"Sony PlayStation 4 Slim The Last of Us: Remastered Bundle Upgrade 2TB HDD PS4 Gaming Console, Jet Black, with Mytrix Chat Headset - Large Capacity Internal Hard Drive Enhanced PS4 Console",469.99,,
Mytrix PlayStation_PS5 Gaming Console Disc Drive Version AMD Ryzen Zen 8 Cores CPU 825GB PCIe Gen 4 NVNe SSD with 2 Wireless Controllers Mytrix Customized Full Body Skins - Orange Purple Fade,689.99,,
"Sony PlayStation 4 Slim The Last of Us Part II Bundle Upgrade 2TB SSD PS4 Gaming Console, Jet Black, with Mytrix High Speed HDMI - 2TB Internal Fast Solid State Drive Enhanced PS4 Console",529.99,,
"Sony PlayStation 4 Slim Horizon Zero Dawn Bundle Upgrade 2TB SSD PS4 Gaming Console, Jet Black, with Mytrix Chat Headset - 2TB Internal Fast Solid State Drive Enhanced PS4 Console",529.99,,
Mytrix PlayStation_PS5 Gaming Console Digital Version AMD Ryzen Zen 8 Cores CPU 825GB PCIe Gen 4 NVNe SSD with Cosmic Red & White Wireless Controllers,674.99,,
"Sony PlayStation 4 Slim Storage Upgrade 1TB SSD PS4 Gaming Console, Jet Black, with Mytrix Chat Headset - Enhanced PS4 Internal Fast Solid State Drive",449.99,,
PlayStation New 825GB SSD Console Disc Drive Version with Wireless Controller and Mytrix Purple Orange Fade Full Body Skins for PS-5 Disc Version Console and Two Controllers,689.99,,
Mytrix PlayStation_PS5 1.8TB PCIe Gen 4 NVNe SSD Upgrade Gaming Console Disc Drive Version AMD Ryzen CPU with Cosmic Red & White Wireless Controllers Mytrix Customized Full Body Skins - Cosmic Galaxy,764.99,,
"Sony PlayStation 4 Slim Horizon Zero Dawn Bundle Upgrade 1TB SSD PS4 Gaming Console, Jet Black, with Mytrix High Speed HDMI - Internal Fast Solid State Drive Enhanced PS4 Console",469.99,,
Mytrix PlayStation_PS5 Gaming Console Disc Drive Version AMD Ryzen Zen 8 Cores CPU 825GB PCIe Gen 4 NVNe SSD with Wireless Controller Mytrix Customized Full Body Skins -Cosmic Galaxy,624.99,,
"Sony PlayStation 4 Slim The Last of Us Part II Bundle Upgrade 2TB HDD PS4 Gaming Console, Jet Black, with Mytrix High Speed HDMI - Large Capacity Internal Hard Drive Enhanced PS4 Console",469.99,,
Mytrix PlayStation_PS5 Gaming Console Disc Drive Version AMD Ryzen Zen 8 Cores CPU 825GB PCIe Gen 4 NVNe SSD with Wireless Controller - Original White,659.99,,
"Sony PlayStation 4 Slim Horizon Zero Dawn Bundle Upgrade 2TB SSD PS4 Gaming Console, Jet Black, with Mytrix High Speed HDMI - 2TB Internal Fast Solid State Drive Enhanced PS4 Console",529.99,,
Mytrix PlayStation_PS5 1.8TB PCIe Gen 4 NVNe SSD Upgrade Gaming Console Disc Drive Version AMD Ryzen CPU with Cosmic Red & White Wireless Controllers - Original White,759.99,,
Mytrix PlayStation_PS5 Gaming Console Disc Drive Version AMD Ryzen Zen 8 Cores CPU 825GB PCIe Gen 4 NVNe SSD with Cosmic Red & White Wireless Controllers - Original White,689.99,,
"Sony PlayStation 4 Slim Call of Duty Modern Warfare II Bundle 1TB PS4 Gaming Console, Jet Black, with Mytrix Dual-Controller Fast Charger",464.99,,
"Sony PlayStation 4 Slim Call of Duty Modern Warfare II Bundle 500GB PS4 Gaming Console, Jet Black, with Mytrix Dual-Controller Fast Charger",454.99,,
PlayStation New 825GB SSD Console Disc Drive Version with Wireless Controller and Mytrix Cosmic Red Full Body Skins for PS-5 Disc Version Console and Two Controllers,689.99,,
PlayStation New 825GB SSD Console Disc Drive Version with Wireless Controller and Mytrix Black Full Body Skins for PS-5 Disc Version Console and Two Controllers,689.99,,
2021 New PlayStation Disk Version Console with 2 Wireless Controllers - White,684.99,,
Mytrix PlayStation_PS5 1.8TB PCIe Gen 4 NVNe SSD Upgraded Gaming Console Disc Drive Version AMD Ryzen Zen 8 Cores CPU with 2 Wireless Controllers - Original White,759.99,,
2021 New PlayStation Disk Version Console with 2 Wireless Controllers - White & Cosmic Red,689.99,,
2021 New PlayStation Disk Version Console with 2 Wireless Controllers - White & Midnight Black,699.99,,
Mytrix PlayStation_PS5 Gaming Console Disc Drive Version AMD Ryzen Zen 8 Cores CPU 825GB PCIe Gen 4 NVNe SSD with Black & White Wireless Controllers - Original White,684.99,,
"Sony PlayStation 4 Slim Call of Duty Modern Warfare II Bundle Upgrade 1TB SSD PS4 Gaming Console, Jet Black, with Mytrix Controller Charger - Internal Fast Solid State Drive Enhanced PS4 Console",514.99,,
"Sony PlayStation 4 Slim Call of Duty Modern Warfare II Bundle Upgrade 2TB HDD PS4 Gaming Console, Jet Black, with Mytrix Controller Charger - Large Capacity Internal Hard Drive Enhanced PS4 Console",514.99,,
"Sony PlayStation 4 Slim Call of Duty Modern Warfare II Bundle Upgrade 2TB SSD PS4 Gaming Console, Jet Black, with Mytrix Controller Charger - 2TB Internal Fast Solid State Drive Enhanced PS4 Console",574.99,,
Mytrix PlayStation_PS5 1.8TB PCIe Gen 4 NVNe SSD Upgrade Gaming Console Disc Drive Version AMD Ryzen CPU with Black & White Wireless Controllers - Original White,759.99,,
Mytrix PlayStation_PS5 Gaming Console Digital Version AMD Ryzen Zen 8 Cores CPU 825GB PCIe Gen 4 NVNe SSD with Wireless Controller,609.99,,
Mytrix PlayStation_PS5 Gaming Console Disc Drive Version AMD Ryzen CPU 825GB PCIe Gen 4 NVNe SSD with Black & White Wireless Controllers Mytrix Customized Full Body Skins - Cosmic Galaxy,689.99,,
PS_5_Digital AMD Ryzen Zen 8 Cores CPU 825GB PCIe Gen 4 NVNe SSD Gaming Console Set with DS Wireless Controller and  Controller Charger Bundle,629.99,,
PS_5_Digital AMD Ryzen Zen 8 Cores CPU 825GB PCIe Gen 4 NVNe SSD Gaming Console Set with  Controller Charger Bundle,629.99,,
Mytrix PlayStation_PS5 Gaming Console Disc Drive Version AMD Ryzen Zen 8 Cores CPU 825GB PCIe Gen 4 NVNe SSD with Wireless Controller Mytrix Customized Full Body Skins - Phantom Black,649.99,,
Mytrix PlayStation_PS5 Gaming Console Disc Drive Version AMD Ryzen Zen 8 Cores CPU 825GB PCIe Gen 4 NVNe SSD with Wireless Controller Mytrix Customized Full Body Skins - Orange Purple Fade,624.99,,
Mytrix PlayStation_PS5 1.8TB PCIe Gen 4 NVNe SSD Upgraded Gaming Console Disc Drive Version AMD Ryzen Zen 8 Cores CPU with Wireless Controller - Original White,694.99,,
Mytrix PlayStation_PS5 Gaming Console Disc Drive Version AMD Ryzen CPU 825GB PCIe Gen 4 NVNe SSD with Cosmic Red & White Wireless Controllers Mytrix Customized Full Body Skins - Phantom Cosmic Red,689.99,,
Mytrix PlayStation_PS5 Gaming Console Disc Drive Version AMD Ryzen CPU 825GB PCIe Gen 4 NVNe SSD with Cosmic Red & White Wireless Controllers Mytrix Customized Full Body Skins - Phantom Cosmic Red,689.99,,
Mytrix PlayStation_PS5 Gaming Console Disc Drive Version AMD Ryzen CPU 825GB PCIe Gen 4 NVNe SSD with Cosmic Red & White Wireless Controllers Mytrix Customized Full Body Skins - Orange Purple Fade,689.99,,
Mytrix PlayStation_PS5 Gaming Console Disc Drive Version AMD Ryzen CPU 825GB PCIe Gen 4 NVNe SSD with Cosmic Red & White Wireless Controllers Mytrix Customized Full Body Skins - Cosmic Galaxy,689.99,,
Mytrix PlayStation_PS5 Gaming Console Disc Drive Version AMD Ryzen CPU 825GB PCIe Gen 4 NVNe SSD with Black & White Wireless Controllers Mytrix Customized Full Body Skins - Phantom Black,689.99,,
PS_5_Digital AMD Ryzen Zen 8 Cores CPU 825GB PCIe Gen 4 NVNe SSD Gaming Console Set with Black & White DS Wireless Controllers and  Charger Bundle,694.99,,
PS_5_Digital AMD Ryzen Zen 8 Cores CPU 825GB PCIe Gen 4 NVNe SSD Gaming Console Set with 2 DS Wireless Controllers and  Charger Bundle,694.99,,
Mytrix PlayStation_PS5 1.8TB PCIe Gen 4 NVNe SSD Upgraded Gaming Console Disc Drive Version AMD Ryzen Zen 8 Cores CPU with Wireless Controller Mytrix Customized Full Body Skins - Phantom Black,699.99,,
Mytrix PlayStation_PS5 1.8TB PCIe Gen 4 NVNe SSD Upgraded Gaming Console Disc Drive Version AMD Ryzen Zen 8 Cores CPU with Wireless Controller Mytrix Customized Full Body Skins -Cosmic Galaxy,699.99,,
Mytrix PlayStation_PS5 1.8TB PCIe Gen 4 NVNe SSD Upgraded Gaming Console Disc Drive Version AMD Ryzen Zen 8 Cores CPU with Wireless Controller Mytrix Customized Full Body Skins - Orange Purple Fade,699.99,,
PS_5_Disc 1.8TB Upgraded PCIe Gen 4 NVNe SSD AMD Ryzen Zen 8 Cores CPU Gaming Console Set with  Controller Charger Bundle,719.99,,
2021 New Play Station Digital Version Console with 2 Wireless Controllers - White & Cosmic Red,674.99,,
2021 New Play Station Digital Version Console with 2 Wireless Controllers - White & Midnight Black,674.99,,
Mytrix PlayStation_PS5 1.8TB PCIe Gen 4 NVNe SSD Upgraded Gaming Console Disc Version AMD Ryzen Zen 8 Cores CPU with 2 Wireless Controllers Mytrix Customized Full Body Skins - Orange Purple Fade,759.99,,
Mytrix PlayStation_PS5 1.8TB PCIe Gen 4 NVNe SSD Upgraded Gaming Console Disc Drive Version AMD Ryzen Zen 8 Cores CPU with 2 Wireless Controllers Mytrix Customized Full Body Skins -Cosmic Galaxy,759.99,,
Mytrix PlayStation_PS5 1.8TB PCIe Gen 4 NVNe SSD Upgrade Gaming Console Disc Drive Version AMD Ryzen CPU with Black & White Wireless Controllers Mytrix Customized Full Body Skins - Cosmic Galaxy,759.99,,
Mytrix PlayStation_PS5 1.8TB PCIe Gen 4 NVNe SSD Upgrade Gaming Console Disc Version AMD Ryzen CPU with Black & White Wireless Controllers Mytrix Customized Full Body Skins - Phantom Black,759.99,,
Mytrix PlayStation_PS5 1.8TB PCIe Gen 4 NVNe SSD Upgrade Gaming Console Disc Version AMD Ryzen CPU with Black & White Wireless Controllers Mytrix Customized Full Body Skins - Orange Purple Fade,759.99,,
Mytrix PlayStation_PS5 1.8TB PCIe Gen 4 NVNe SSD Upgraded Gaming Console Disc Version AMD Ryzen Zen 8 Cores CPU with 2 Wireless Controllers Mytrix Customized Full Body Skins - Phantom Black,759.99,,
Mytrix PlayStation_PS5 1.8TB PCIe Gen 4 NVNe SSD Upgrade Gaming Console Disc Version AMD Ryzen CPU with Cosmic Red & White Wireless Controllers Mytrix Customized Full Body Skins - Phantom Cosmic Red,764.99,,
Mytrix PlayStation_PS5 1.8TB PCIe Gen 4 NVNe SSD Upgrade Gaming Console Disc Version AMD Ryzen CPU with Cosmic Red & White Wireless Controllers Mytrix Customized Full Body Skins - Orange Purple Fade,764.99,,
PS_5_Disc 1.8TB Upgraded PCIe Gen 4 NVNe SSD AMD Ryzen Zen 8 Cores CPU Gaming Console Set with 2 DS Wireless Controllers and  Charger Bundle,779.99,,
PS_5_Disc 1.8TB Upgraded PCIe Gen 4 NVNe SSD AMD Ryzen Zen 8 Cores CPU Gaming Console Set with Cosmic Red & White DS Wireless Controllers and  Charger Bundle,784.99,,
PS_5_Digital AMD Ryzen Zen 8 Cores CPU 825GB PCIe Gen 4 NVNe SSD Gaming Console Set  with Cosmic Red & White DS Wireless Controllers and  Charger Bundle,694.99,,
"ZIOSTAND Racing Steering Wheel Stand Compatible with Logitech G29, G920, G27 & G25 Wheels, Deluxe, Original V2. Wheel and Pedals Not Included",,,
Wireless Bluetooth Gaming Controller for PS4  PC Gamepad Joystick for Playstation 4/Pro/Slim Console with Dual Vibration shock/6-axis Gyro Sensor/Audio Function PC/IOS/Android/Steam(Black),28.99,,
HDMI Port Male To Female 1 Input 2 Output Splitter Cable Adapter Converter 1080P Hdmi Cables 30cm,20.9,,
HDMI Port Male To Female 1 Input 2 Output Splitter Cable Adapter Converter 1080P Hdmi Cables 30cm,25.98,,
"PlayStation 4 20th Anniversary Limited Edition Console [Only 12,300 Produced Worldwide]",1999.99,,
PLAYERUNKNOWN'S Battlegrounds (PS4),23.99,,
Grand Theft Auto V - PlayStation 4,39.0,,
"Joombonpia Wireless Gamepad for PS4, Bluetooth Controller with Programmable Back Button, Compatible with PS4 / PS4 Pro / PS Slime(black)",122.53,,
Electric Baby Nail Trimmer Kids Scissor Infant Nail Care Safe Nail Clipper Cutter For Newbron Nail Trimmer Manicure Dropshipping,14.5,,
Electric Baby Nail Trimmer Kids Scissor Infant Nail Care Safe Nail Clipper Cutter For Newbron Nail Trimmer Manicure Dropshipping,50.0,,
Dropshipping Electric Baby Nail Trimmer Kids Scissor Infant Nail Care Safe Nail Clipper Cutter For Newbron Nail Trimmer Manicure,19.99,,
2 Headphone Stand For PS5 Console Headset Hanger Holder Gaming Accessories White,49.99,,
Headphone Stand For PS5 Console Headset Hanger Holder Gaming Accessories White,42.99,,
For  Switch / Lite Playstand Holder Multi-angle Adjustable Stand Blue,53.99,,
"Playstation Icons Light Voice Control Music Reactive Game Room Lighting Acrylic,Living Room, Bedroom,Acrylic Atmosphere Neon Bar Lamp Club KTV Decorative Ornament",39.99,,
"Game Controller for PS4 ,Clickable Touch Panel Gamepad with Dual Vibration and Audio Function, USB Cable and Anti-Slip Ergonomic Grip , Wireless Bluetooth Controller",39.99,,
Sony Playstation 5 Disc- PS5,948.88,,
NHL 21 Great Eight Edition - PlayStation 4,43.94,,
Portable Cooling Fan Game Console Radiator for PS5 Host Artifact Efficient 3 Gears External Fan Cooler Gaming Accessories,31.99,,
Used - Very Good Gamepad For Xbox 360 Wireless Controller For XBOX 360 Controle Wireless Joystick For XBOX360 Game Controller Gamepad Joypad,24.99,,
"Refurbished Sony PlayStation 4 PS4 500GB Original CUH-1215A System, Matte Black",,,
"Refurbished Sony Playstation 4 Regular 500GB Console, Black, with Controller",239.99,,
Refurbished Sony Playstation 4 Pro Jet Black CUH-7015B 1TB Console with Controller & Cable,269.99,,
"Refurbished Sony PlayStation 4 Console - AMD 8-Core Processor, 500 GB Hard Drive - Jet Black",239.99,4,20
Refurbished Sony PlayStation 4 CUH-2215B Slim 1TB Video Game Console - Black,249.99,,
Refurbished Sony PS4 PlayStation 4 SLIM 500GB Hard Drive with Controller,249.99,,
Refurbished Sony PlayStation 4 (PS4) Slim 1tb Black Console & accessories,249.99,,
Refurbished Sony PS4 PlayStation 4 500GB with Controller,239.99,5,1
"Refurbished Sony PlayStation 4 Slim 3002189 1TB Gaming Console - Wi-Fi,Bluetooth - Jet Black",249.99,,
"Refurbished Sony PlayStation 4 Slim 1TB Gaming Console, Black",249.99,,
Refurbished Sony PlayStation 4 500GB Console - Black,239.99,,
Refurbished Sony PlayStation 4-500 GB Black Console w/ accessories,239.99,,
Refurbished PlayStation 4 500GB Console,239.99,1,1
"Refurbished Sony PlayStation 4 (PS4) Slim 500GB Black Console & accessories, Moel CUH-1001A",395.0,,
Refurbished Sony Dualshock 4 Wireless Controller for Playstation 4 - Midnight Blue V2,54.93,,
